Fold,TrainingAccuracy,TestAccuracy,Precision,Recall,F1,AvgPrecisionScore
1,0.8174214928199464,0.7533123028391168,0.7495590828924162,0.6305637982195845,0.684931506849315,0.7846875025598683
2,0.8156856556730314,0.7703470031545742,0.772887323943662,0.6513353115727003,0.7069243156199678,0.7858703903436766
3,0.8163458504260019,0.7752525252525253,0.777972027972028,0.6602373887240356,0.7142857142857144,0.817698226204748
4,0.8122436099715998,0.7746212121212122,0.7876588021778584,0.6439169139465876,0.7085714285714286,0.8093711849114735
5,0.8182391921741874,0.7702020202020202,0.7690972222222222,0.6572700296735905,0.7088,0.8019942365765788
