Fold,TrainingAccuracy,TestAccuracy,Precision,Recall,F1,AvgPrecisionScore
1,1.0,0.7589905362776025,0.7635379061371841,0.6275964391691394,0.6889250814332246,0.762519305398454
2,1.0,0.7476340694006309,0.7555970149253731,0.6008902077151336,0.6694214876033059,0.761681770160249
3,1.0,0.7569444444444444,0.7762906309751434,0.6023738872403561,0.6783625730994152,0.8104369724858153
4,1.0,0.7702020202020202,0.7992277992277992,0.6142433234421365,0.6946308724832215,0.8030641285199416
5,1.0,0.7777777777777778,0.8060836501901141,0.629080118694362,0.7066666666666666,0.8029919962026701
