Fold,TestAccuracy,Precision,Recall,F1,AvgPrecisionScore
1,0.7350157728706624,0.7043486303272964,0.6932203492263822,0.69555000172028,0.7430291378976281
2,0.7488958990536277,0.7373995223739032,0.7191442386801326,0.7208186328262239,0.7685132740729268
3,0.7209595959595959,0.7024673471707757,0.6733664214421684,0.6849486198869849,0.7368003984859084
4,0.7133838383838383,0.6943616467415923,0.6896329217308341,0.6834151069033725,0.7266128135195504
5,0.7070707070707071,0.6711520466092348,0.6764275730375899,0.6724661898610336,0.7028452433432864
