Fold,TestAccuracy,Precision,Recall,F1,AvgPrecisionScore
1,0.7280757097791798,0.7000706173241412,0.6946050991153745,0.6956853791137503,0.7544634746347293
2,0.7432176656151419,0.7209002331996656,0.7164672183793871,0.714831158871439,0.7678873672719091
3,0.7102272727272727,0.6941774775416423,0.6618580714527211,0.661273488322391,0.7412856080448187
4,0.7449494949494949,0.7028809499632491,0.7044265061632455,0.7035982950098518,0.7542629847291784
5,0.7228535353535354,0.701952034362969,0.6845118507185435,0.6806583958076621,0.7453616264413268
