Fold,TestAccuracy,Precision,Recall,F1,AvgPrecisionScore
1,0.2662460567823344,0.2472041598712219,0.265739563217308,0.13014531825355077,0.40937371900945546
2,0.25678233438485804,0.1929548837105982,0.26017576499772344,0.11988547124170268,0.3977306110379715
3,0.25315656565656564,0.24633383877199178,0.2585311572700297,0.11418880453665649,0.38309237073090074
4,0.2582070707070707,0.2153670415746134,0.26120806054040474,0.12072966696955274,0.40181931080893685
5,0.26136363636363635,0.2336850906132779,0.2628474053318011,0.1255883003253419,0.3960063732110304
