Fold,TestAccuracy,Precision,Recall,F1,AvgPrecisionScore
1,0.6296529968454259,0.5957948923876237,0.5706525910267716,0.5762954659789082,0.5583902134910921
2,0.6214511041009464,0.5854337727893004,0.5620470878506929,0.5689894855898394,0.5644983151322782
3,0.6224747474747475,0.5749790003356436,0.5573332084499322,0.5617238515855931,0.5419289030207256
4,0.6281565656565656,0.5787800911047593,0.5597060040182291,0.5627234298658879,0.5068359245723042
5,0.6212121212121212,0.5731595162533347,0.5541056755529339,0.5573019645149637,0.5283665334057153
