Fold,TestAccuracy,Precision,Recall,F1,AvgPrecisionScore
1,0.6227129337539432,0.5713013702521124,0.5738768727588494,0.571663731196193,0.5793150237077325
2,0.632807570977918,0.5898517681264213,0.5869992209034504,0.5863412507198178,0.5930283041515011
3,0.6357323232323232,0.582443066936096,0.5789555498986491,0.5793085989370046,0.5790058855371307
4,0.61489898989899,0.5671054583141489,0.5579411297796596,0.5600659724104486,0.5831967619135798
5,0.6199494949494949,0.5721661000167847,0.5652208420156497,0.5674927625650756,0.5721819417364806
