Fold,TestAccuracy,Precision,Recall,F1,AvgPrecisionScore
1,0.6921135646687697,0.6706496943119393,0.6155716481635227,0.6282402184328042,0.6895462740955072
2,0.6807570977917982,0.6710377538456203,0.6076646361370024,0.6221175592115099,0.6922488518459009
3,0.6837121212121212,0.6502017257837117,0.6047597744332517,0.6145426200627718,0.6816707013683729
4,0.6755050505050505,0.6454145823474815,0.5908260442400364,0.6023217437631962,0.6715489020550109
5,0.6811868686868687,0.6638340925917059,0.5990944888335283,0.6151679102209571,0.6683397540218751
