Fold,TestAccuracy,Precision,Recall,F1,AvgPrecisionScore
1,0.6182965299684543,0.669827561310197,0.4858455604110301,0.47134926118349363,0.6659542392651558
2,0.6227129337539432,0.6622266106350254,0.4828022346640642,0.4617107719579707,0.6567388599990465
3,0.63510101010101,0.6868292640235161,0.4961986846973369,0.48137567649969576,0.6554120603666121
4,0.6306818181818182,0.6854802293830695,0.4909270046506627,0.47691979499973836,0.657742415262577
5,0.6142676767676768,0.6659726305680572,0.47213178682165685,0.45260148684326645,0.6518568369934283
