Fold,TestAccuracy,Precision,Recall,F1,AvgPrecisionScore
1,0.6738170347003155,0.6420446761075613,0.6036285603326992,0.6139749364119986,0.6773177587602087
2,0.6908517350157729,0.6713688697843627,0.6185536717219404,0.6283592613301029,0.6793147488156218
3,0.6919191919191919,0.6647623911945939,0.6258395742075268,0.6377222673204902,0.6712032542580924
4,0.6900252525252525,0.6687542092784028,0.6185181050842827,0.6331328751623977,0.6779819254515121
5,0.6590909090909091,0.6214909640636128,0.5833332459605379,0.5928077724691797,0.6500596135549559
