Fold,TestAccuracy,Precision,Recall,F1,AvgPrecisionScore
1,0.7192429022082019,0.6767765030288916,0.6780383156530395,0.674941608111241,0.7434016417786768
2,0.7419558359621451,0.7114639100043457,0.7219455366103364,0.7155127652602273,0.7550557387332376
3,0.7095959595959596,0.6994230873458527,0.6560333963622975,0.6676067637419958,0.726193240168414
4,0.7266414141414141,0.6877572605595346,0.7016627959373296,0.6932199671474398,0.7436622562120729
5,0.7203282828282829,0.6842875432996967,0.6722882000681937,0.6747226009333986,0.7122805823833401
