Fold,TrainingAccuracy,TestAccuracy,Precision,Recall,F1,AvgPrecisionScore
1,0.8410919993687865,0.7501577287066246,0.7249190938511327,0.6646884272997032,0.6934984520123839,0.7859573166614728
2,0.8384093419599179,0.7766561514195583,0.7649006622516556,0.685459940652819,0.7230046948356808,0.7821116922944698
3,0.8349637109498265,0.7815656565656566,0.7706270627062707,0.6928783382789317,0.7296875,0.8108850126711755
4,0.8325970337645945,0.7796717171717171,0.7703826955074875,0.6869436201780416,0.7262745098039217,0.816094829958339
5,0.8351214894288419,0.7746212121212122,0.7519872813990461,0.701780415430267,0.726016884113584,0.7981601365107119
