Fold,TrainingAccuracy,TestAccuracy,Precision,Recall,F1,AvgPrecisionScore
1,0.8709168376203251,0.7444794952681388,0.7355516637478109,0.6231454005934718,0.6746987951807228,0.779032610020907
2,0.8633422755246962,0.7608832807570978,0.7638640429338104,0.6335311572700296,0.6926196269261962,0.7883591956909113
3,0.8619438308614705,0.7651515151515151,0.7735507246376812,0.6335311572700296,0.6965742251223491,0.7930238467958689
4,0.861786052382455,0.7796717171717171,0.8048780487804879,0.6364985163204748,0.7108533554266778,0.8267212892495337
5,0.861786052382455,0.7683080808080808,0.774597495527728,0.642433234421365,0.7023519870235199,0.7981085031571976
