Fold,TrainingAccuracy,TestAccuracy,Precision,Recall,F1,AvgPrecisionScore
1,1.0,0.7482649842271294,0.7408056042031523,0.6275964391691394,0.6795180722891566,0.7883389507014622
2,1.0,0.7501577287066246,0.7564575645756457,0.6083086053412463,0.674342105263158,0.7849544441280156
3,1.0,0.7708333333333334,0.7713787085514834,0.655786350148368,0.7089013632718525,0.8017953823975225
4,1.0,0.7847222222222222,0.8077634011090573,0.6483679525222552,0.7193415637860082,0.834109847220588
5,1.0,0.7727272727272727,0.7764084507042254,0.6543026706231454,0.7101449275362319,0.8048249557059155
