Fold,TestAccuracy,Precision,Recall,F1,AvgPrecisionScore
1,0.7981072555205048,0.766566265060241,0.755192878338279,0.7608370702541105,0.8470724492459107
2,0.8246056782334384,0.776536312849162,0.8249258160237388,0.7999999999999999,0.8676099130792736
3,0.8194444444444444,0.8277027027027027,0.7270029673590505,0.7740916271721958,0.8713405756655305
4,0.8421717171717171,0.8108504398826979,0.8204747774480712,0.8156342182890854,0.8964799171030986
5,0.7998737373737373,0.7222914072229141,0.8605341246290801,0.7853757616790792,0.8661386830642567
