Fold,TestAccuracy,Precision,Recall,F1,AvgPrecisionScore
1,0.7936908517350157,0.785831960461285,0.7077151335311572,0.7447306791569087,0.8387623220115066
2,0.8239747634069401,0.8319327731092437,0.7344213649851632,0.7801418439716312,0.8539303050420323
3,0.8207070707070707,0.8135048231511254,0.7507418397626113,0.7808641975308642,0.8669514121341012
4,0.8308080808080808,0.7750677506775068,0.8486646884272997,0.8101983002832861,0.8709199403503327
5,0.7986111111111112,0.8076256499133448,0.6913946587537092,0.7450039968025579,0.8276860945413046
