Fold,TrainingAccuracy,TestAccuracy,Precision,Recall,F1,AvgPrecisionScore
1,0.7744989742780496,0.7362776025236593,0.700626959247649,0.6632047477744807,0.6814024390243903,0.7553262898142847
2,0.7689758560833202,0.7470031545741325,0.7256198347107438,0.6513353115727003,0.686473807662236,0.7660470925320213
3,0.765856737141054,0.7455808080808081,0.7203252032520325,0.6572700296735905,0.6873545384018619,0.7847408900023648
4,0.7672767434521931,0.7518939393939394,0.7377326565143824,0.6468842729970327,0.6893280632411067,0.7724142174126656
5,0.7745345534869044,0.7512626262626263,0.7243589743589743,0.6706231454005934,0.6964560862865947,0.7871701051292694
