Fold,TestAccuracy,Precision,Recall,F1,AvgPrecisionScore
1,0.8,0.7692307692307693,0.7566765578635015,0.7629020194465221,0.8478404003669908
2,0.8126182965299684,0.7550744248985115,0.827893175074184,0.7898089171974523,0.8639899508944904
3,0.8143939393939394,0.790519877675841,0.7670623145400594,0.7786144578313253,0.8705147332433246
4,0.8428030303030303,0.8066378066378066,0.8293768545994066,0.8178493050475493,0.8906269969685674
5,0.8118686868686869,0.7367758186397985,0.8679525222551929,0.7970027247956403,0.8708788516739844
