Fold,TestAccuracy,Precision,Recall,F1,AvgPrecisionScore
1,0.7911671924290221,0.8014059753954306,0.6765578635014837,0.7337087691069992,0.8272559460402852
2,0.820820189274448,0.8066037735849056,0.7611275964391692,0.7832061068702291,0.8583508533455253
3,0.7992424242424242,0.7458563535911602,0.8011869436201781,0.7725321888412018,0.8562551186302074
4,0.8333333333333334,0.7777777777777778,0.8516320474777448,0.813031161473088,0.8874076548949891
5,0.8087121212121212,0.7431192660550459,0.841246290801187,0.7891440501043842,0.8603750707159997
