Fold,TrainingAccuracy,TestAccuracy,Precision,Recall,F1,AvgPrecisionScore
1,0.7882278680763768,0.7318611987381703,0.6924265842349304,0.6646884272997032,0.6782740348221046,0.7464991193559402
2,0.7861764241754774,0.7533123028391168,0.7278582930756844,0.6706231454005934,0.698069498069498,0.7651568252611238
3,0.7795834648153992,0.7651515151515151,0.7366771159874608,0.6973293768545994,0.7164634146341463,0.7903406179407507
4,0.7841590407068476,0.7588383838383839,0.7362459546925566,0.6750741839762612,0.7043343653250774,0.7859950290482467
5,0.7828968128747239,0.7607323232323232,0.7245053272450532,0.7062314540059347,0.715251690458302,0.7838664819260359
